"DESCRIPTION","DURATION IN MS","NAME","PARENT SUITE","START TIME","STATUS","STOP TIME","SUB SUITE","SUITE","TEST CLASS","TEST METHOD"
"Проверка создания задачи","225","Создания задачи","tests.api","2026-10-07","passed","2026-10-07","TestPostsAPI","test_tasks","",""
"Проверяем получение задачи по идентификатору","74","Получить 1 задачу","tests.api","2026-10-07","passed","2026-10-07","TestPostsAPI","test_tasks","",""
"Проверка удаления задачи","182","Удалить задачу","tests.api","2026-10-07","passed","2026-10-07","TestPostsAPI","test_tasks","",""
"","188","Создать несколько задач с разными данными","tests.api","2026-10-07","passed","2026-10-07","TestPostsAPI","test_tasks","",""
"","182","Создать несколько задач с разными данными","tests.api","2026-10-07","passed","2026-10-07","TestPostsAPI","test_tasks","",""
"Прверяем, что возвращаеться список задач","273","Получить все задачи","tests.api","2026-10-07","passed","2026-10-07","TestPostsAPI","test_tasks","",""
"Проверка что ловятся ошибки структуры","1","Валидация Pydantic модели","tests.api","2026-10-07","passed","2026-10-07","TestPostsAPI","test_tasks","",""
"","184","Создать несколько задач с разными данными","tests.api","2026-10-07","passed","2026-10-07","TestPostsAPI","test_tasks","",""
"Проверка обнавления задачи","377","Обновить задачу","tests.api","2026-10-07","passed","2026-10-07","TestPostsAPI","test_tasks","",""
"","187","Создать несколько задач с разными данными","tests.api","2026-10-07","passed","2026-10-07","TestPostsAPI","test_tasks","",""
"","187","Создать несколько задач с разными данными","tests.api","2026-10-07","passed","2026-10-07","TestPostsAPI","test_tasks","",""
"","1980","Проверить наличие ссылок на ресурсы","tests.ui","2026-10-07","passed","2026-10-07","TestLogin","test_login","",""
"","2391","Открыть главную страницу JSONPlaceholder","tests.ui","2026-10-07","passed","2026-10-07","TestLogin","test_login","",""
